{
	"frequency": [
		10000,
		7196.85673001152,
		5179.47467923121,
		3727.59372031494,
		2682.69579527973,
		1930.69772888325,
		1389.49549437314,
		1000,
		719.685673001152,
		517.947467923121,
		372.759372031494,
		268.269579527973,
		193.069772888325,
		138.949549437314,
		100,
		71.9685673001152,
		51.7947467923121,
		37.2759372031494,
		26.8269579527973,
		19.3069772888325,
		13.8949549437314,
		10,
		7.19685673001152,
		5.17947467923121,
		3.72759372031494,
		2.68269579527973,
		1.93069772888325,
		1.38949549437314,
		1
	],
	"magnitude": [
		112.197174369026,
		117.446179116768,
		125.802204015185,
		138.87645764069,
		158.362407024212,
		185.104191482064,
		217.768724576758,
		252.275189229019,
		283.464273249413,
		308.157326298059,
		326.401636051958,
		340.155213391629,
		351.60338934264,
		362.407882130823,
		373.651296060346,
		385.995579771281,
		399.830925006003,
		415.36766750099,
		432.681705433621,
		451.732686191817,
		472.37062920871,
		494.34191762104,
		517.30152554427,
		540.834634140135,
		564.487209499215,
		587.802004087873,
		610.354485624499,
		631.78295160984,
		651.808558954165
	],
	"phase": [
		-13.6911218923273,
		-17.4230211915111,
		-21.6761891070724,
		-25.9875429865239,
		-29.5448936007317,
		-31.4143322080054,
		-31.0139502226951,
		-28.5061529898265,
		-24.7445521749602,
		-20.7764348369639,
		-17.3426693012146,
		-14.7412517003166,
		-12.9657381969508,
		-11.8770331747507,
		-11.3063189336902,
		-11.0974385446785,
		-11.118395853544,
		-11.2613371450616,
		-11.4397963485187,
		-11.5862769166524,
		-11.6507559780037,
		-11.599764518498,
		-11.4154670158994,
		-11.0942603395492,
		-10.6446551778571,
		-10.0844803271899,
		-9.43767616088011,
		-8.73106340326188,
		-7.99147049580777
	]
}
